sku;Titulo;image;media_gallery;color;small_image;thumbnail
CMBLG00077;Camisa Baby Look Acdc Angus;;;;;
G_CM_ACDC_ANGUS;Camisa com manga Acdc Angus;;;;;
G_BL_ACDC_BACK_IN_BLACK;Camisa Baby Look Acdc Back In Black;;;;;
G_CM_ACDC_BACK_IN_BLACK;Camisa com manga Acdc Back In Black;;;;;
CMCMGG00113;Camisa com manga Acdc Black;;;;;
CMBLG00005;Camisa Baby Look Acdc Black Ice;baby/acdc black ice.jpg;;;baby/acdc black ice.jpg;baby/acdc black ice.jpg
G_CM_ACDC_BLACK_ICE;Camisa com manga Acdc Black Ice;acdc black ice.jpg;acdc black ice costas.jpg::Costas;preta;acdc black ice.jpg;acdc black ice.jpg
CMBLG00047;Camisa Baby Look Acdc Canhao Branca;;;;;
G_CM_ACDC_CANHAO_BRANCA;Camisa com manga Acdc Canhao Branca;acdc canhao.jpg;;branca;acdc canhao.jpg;acdc canhao.jpg
G_CM_ACDC_HELLS_BELLS;Camisa com manga Acdc Hells Bells;acdc hells.jpg;acdc hells costas.jpg::Costas;preta;acdc hells.jpg;acdc hells.jpg
G_CM_ACDC_HIGHWAY;Camisa com manga Acdc Highway;acdc highway.jpg;acdc highway costas.jpg::Costas;preta;acdc highway.jpg;acdc highway.jpg
G_CM_ALICE_CACHORRO;Camisa com manga Alice Cachorro;;;;;
G_CM_ALICE_IN_CHAINS_CAVEIRA_COLORIDA;Camisa com manga Alice In Chains Caveira Colorida;;;;;
G_CM_ALICE_IN_CHAINS_CAVEIRA_P/B;Camisa com manga Alice In Chains Caveira P/b;;;;;
G_CM_ALICE_IN_CHAINS_SOL;Camisa com manga Alice In Chains Sol;Alice in chains sol.jpg;;preta;Alice in chains sol.jpg;Alice in chains sol.jpg
CMCMP00140;Camisa com manga Alice Sol;;;;;
G_CM_AMON_AMARTH_CINZA;Camisa com manga Amon Amarth Cinza;Amon Amarth.jpg;;cinza;Amon Amarth.jpg;Amon Amarth.jpg
G_CM_AMON_AMARTH_MARTELO;Camisa com manga Amon Amarth Martelo;Amon Amarth Martelo.jpg;Amon amarth martelo trás.jpg::Costas;preta;Amon Amarth Martelo.jpg;Amon Amarth Martelo.jpg
G_CM_AMON_AMARTH_VERSUS;Camisa com manga Amon Amarth Versus;;;;;
G_CM_AMY_CAVEIRA;Camisa com manga Amy Caveira;Ammy.jpg;;branca;Ammy.jpg;Ammy.jpg
CMCMGG00078;Camisa com manga Angra;;;;;
G_CM_ANGRA_ANJO;Camisa com manga Angra Anjo;;;;;
G_CM_ANGRA_TEMPLE;Camisa com manga Angra Temple;Angra temple of shadows.jpg;Angra temple of shadows tras.jpg::Costas;preta;Angra temple of shadows.jpg;Angra temple of shadows.jpg
G_CM_ANTHRAX_LAW;Camisa com manga Anthrax Law;;;;;
CMBLG00035;Camisa Baby Look Artic Monkeys;baby/artic.jpg;;;baby/artic.jpg;baby/artic.jpg
G_CM_ARTIC_MONKEYS;Camisa com manga Artic Monkeys;Artic Monkeys.jpg;;preta;Artic Monkeys.jpg;Artic Monkeys.jpg
CMBLG00055;Camisa Baby Look Asking;;;;;
G_CM_ASKING;Camisa com manga Asking;;;;;
G_CM_ASSASSINS_CREED;Camisa com manga Assassins Creed;assassinos.png;assassinos costas.png::Costas;preta;assassinos.png;assassinos.png
CMCMM00072;Camisa com manga Audioslave;;;;;
G_CM_AVENGED_BANDA_AMARELA;Camisa com manga Avenged Banda Amarela;Avanged banda.jpg;Avanged banda costas.jpg::Costas;preta;Avanged banda.jpg;Avanged banda.jpg
CMBLG00046;Camisa Baby Look Avenged Nightmare;;;;;
G_CM_AVENGED_NIGHTMARE;Camisa com manga Avenged Nightmare;;;;;
CMBLG00063;Camisa Baby Look Avenged Nightmare Master;;;;;
G_BL_AVENGED_TRADICIONAL;Camisa Baby Look Avenged Tradicional;;;;;
G_CM_AVENGED_TRADICONAL;Camisa com manga Avenged Tradiconal;Avanged Sevenfold.jpg;;preta;Avanged Sevenfold.jpg;Avanged Sevenfold.jpg
G_CM_BACK_SABBATH_US_TOUR;Camisa com manga Back Sabbath Us Tour;;;;;
G_CM_BAD_RELIGION_CRUZ;Camisa com manga Bad Religion Cruz;;;;;
G_CM_BATERIA_BRANCA;Camisa com manga Bateria Branca;;;;;
G_CM_BATERIA_PRETA;Camisa com manga Bateria Preta;Bateria.jpg;;preta;Bateria.jpg;Bateria.jpg
G_CM_BATHORY;Camisa com manga Bathory;Bathory.jpg;;preta;Bathory.jpg;Bathory.jpg
G_BL_BAZINGA;Camisa Baby Look Bazinga;;;;;
G_CM_BAZINGA;Camisa com manga Bazinga;;;;;
CMCMG00306;Camisa com manga Beatels Yellow;;;;;
CMBLG00068;Camisa Baby Look Beatles Atravessando Road;;;;;
G_CM_BEATLES_AVIAO;Camisa com manga Beatles Aviao;beatles avião.jpg;;preta;beatles avião.jpg;beatles avião.jpg
CMBLG00007;Camisa Baby Look Beatles Banda Branca;;;;;
G_CM_BEATLES_BANDA_BRANCA;Camisa com manga Beatles Banda Branca;;;;;
CMCMGG00062;Camisa com manga Beatles Bonequinhos;;;;;
G_CM_BEATLES_ROAD_ATRAVESSANDO;Camisa com manga Beatles Road Atravessando;beatles abey.jpg;beatles abey costas.jpg::Costas;preta;beatles abey.jpg;beatles abey.jpg
G_BL_BEATLES_SGT_PEPPERS;Camisa Baby Look Beatles Sgt Peppers;;;;;
G_CM_BEATLES_SGT_PEPPERS;Camisa com manga Beatles Sgt Peppers;;;;;
G_BL_BEATLES_SUBMARINO_AMARELO;Camisa Baby Look Beatles Submarino Amarelo;;;;;
G_CM_BEATLES_YELLOW;Camisa com manga Beatles Yellow;;;;;
G_CM_BEZERRA;Camisa com manga Bezerra;bezerra.jpg;;vermelha;bezerra.jpg;bezerra.jpg
CMBLG00034;Camisa Baby Look Bigode;;;;;
CMCMGG00177;Camisa com manga Black Angel;;;;;
CMCMGG00135;Camisa com manga Black Ice;;;;;
G_CM_BLACK_LABEL_SOCIETY_PROFANUS;Camisa com manga Black Label Society Profanus;;;;;
G_CM_BLACK_LABEL_SOCIETY_SIMBOLO;Camisa com manga Black Label Society Simbolo;;;;;
G_CM_BLACK_SABBATH_BANDA_OZZY;Camisa com manga Black Sabbath Banda Ozzy;Black Sabbath.jpg;;preta;Black Sabbath.jpg;Black Sabbath.jpg
G_CM_BLACK_SABBATH_BANDA_OZZY_BRANCA;Camisa com manga Black Sabbath Banda Ozzy Branca;;;;;
CMCMM00330;Camisa com manga Black Sabbath Caricatura;;;;;
G_CM_BLACK_SABBATH_CARICATURA_BRANCA;Camisa com manga Black Sabbath Caricatura Branca;SABBATH CARICATURA.jpg;;branca;SABBATH CARICATURA.jpg;SABBATH CARICATURA.jpg
G_CM_BLACK_SABBATH_COM_DIO;Camisa com manga Black Sabbath Com Dio;;;;;
G_CM_BLACK_SABBATH_HEAVEN;Camisa com manga Black Sabbath Heaven;black sabbath heaven and hell.jpg;black sabbath heaven and hell costas.jpg::Costas;preta;black sabbath heaven and hell.jpg;black sabbath heaven and hell.jpg
CMBLG00057;Camisa Baby Look Black Sabbath Heaven And Hell;;;;;
G_CM_BLACK_SABBATH_MOB_RULES;Camisa com manga Black Sabbath Mob Rules;;;;;
G_CM_BLACK_SABBATH_ROXA;Camisa com manga Black Sabbath Roxa;B Sabbath Roxa.jpg;B Sabbath roxa costas.jpg::Costas;preta;B Sabbath Roxa.jpg;B Sabbath Roxa.jpg
CMCMP00059;Camisa com manga Black Sabbath Roxo;;;;;
CMBLG00056;Camisa Baby Look Black Sabbath Us Tour;;;;;
G_CM_BLACK_SABBATH_US_TOUR;Camisa com manga Black Sabbath Us Tour;us tour.png;;preta;us tour.png;us tour.png
CMBLG00052;Camisa Baby Look Black Sabbath Vol 4;;;;;
G_CM_BLACK_SABBATH_VOL_4;Camisa com manga Black Sabbath Vol 4;B Sabbath vol 4.jpg;;preta;B Sabbath vol 4.jpg;B Sabbath vol 4.jpg
G_CM_BLEACH_BRANCA_VIRUS;Camisa com manga Bleach Branca Virus;;;;;
G_CM_BLEACH_PRETA_HCD;Camisa com manga Bleach Preta Hcd;bleach.png;bleach costas.png::Costas;preta;bleach.png;bleach.png
G_CM_BLIND_GUARDIAN;Camisa com manga Blind Guardian;;;;;
G_CM_BON_JOVI_LOGO;Camisa com manga Bon Jovi Logo;;;;;
CMBLG00022;Camisa Baby Look Bon Jovi Logo Dourado;;;;;
G_CM_BURZUM_DET_SOM;Camisa com manga Burzum Det Som;Burzum.jpg;;preta;Burzum.jpg;Burzum.jpg
G_CM_BURZUM_FILOSOFEN;Camisa com manga Burzum Filosofen;burzum filosofen.jpg;;preta;burzum filosofen.jpg;burzum filosofen.jpg
G_CM_CANDEIA;Camisa com manga Candeia;;;;;
G_CM_CANNIBAL_CORPSE_THE_WRETCHED;Camisa com manga Cannibal Corpse The Wretched;cannibal.jpg;cannibal costas.jpg::Costas;preta;cannibal.jpg;cannibal.jpg
CMCMM00220;Camisa com manga Cannibal Corpse Wretched;;;;;
CMCMG00095;Camisa com manga Cannibal Corpses;;;;;
CMCMM00098;Camisa com manga Cannibal Corpses Escrito;;;;;
G_CM_CANNIBAL_ESVICERATION;Camisa com manga Cannibal Esviceration;;;;;
CMBLG00023;Camisa Baby Look Capacete Stormtrooper;;;;;
G_CM_CARPA;Camisa com manga Carpa;;;;;
G_CM_CARTOLA_CAFE;Camisa com manga Cartola Cafe;cartola.jpg;;preta;cartola.jpg;cartola.jpg
G_CM_CARTOLA_VIOLAO;Camisa com manga Cartola Violao;CARTOLA VIOLAO.jpg;;preta;CARTOLA VIOLAO.jpg;CARTOLA VIOLAO.jpg
G_CM_CAVEIRA_BATERISTA;Camisa com manga Caveira Baterista;;;;;
G_CM_CAVEIRA_CHAPEU_RAY;Camisa com manga Caveira Chapeu Ray;caveira ray.jpg;;preta;caveira ray.jpg;caveira ray.jpg
G_CM_CAVEIRA_FONE;Camisa com manga Caveira Fone;;;;;
G_CM_CAVEIRA_MACHADO;Camisa com manga Caveira Machado;Caveira guitarra machado.jpg;;preta;Caveira guitarra machado.jpg;Caveira guitarra machado.jpg
G_CM_CAVEIRA_MEXICANA_COLORIDA;Camisa com manga Caveira Mexicana Colorida;;;;;
CMBLG00079;Camisa Baby Look Caveira Mexicana Colorida Branca;;;;;
G_CM_CAVEIRA_MEXICANA_COLORIDA_BRANCA;Camisa com manga Caveira Mexicana Colorida Branca;mexicana branca.png;;branca;mexicana branca.png;mexicana branca.png
CMBLG00080;Camisa Baby Look Caveira Mexicana Colorida Preta;;;;;
G_CM_CAVEIRA_MEXICANA_P/B;Camisa com manga Caveira Mexicana P/b;;;;;
CMBLG00082;Camisa Baby Look Caveira Mexicana Rosa;;;;;
G_CM_CAVEIRA_MEXICANA_ROSAS;Camisa com manga Caveira Mexicana Rosas;mexicana rosas.png;;preta;mexicana rosas.png;mexicana rosas.png
G_CM_CAVEIRA_MOTO_CINZA;Camisa com manga Caveira Moto Cinza;caveira moto.jpg;;preta;caveira moto.jpg;caveira moto.jpg
G_CM_CAVEIRA_MOTO_FOGO;Camisa com manga Caveira Moto Fogo;moto fogo.png;;preta;moto fogo.png;moto fogo.png
G_CM_CAVEIRA_TRONO;Camisa com manga Caveira Trono;Caveira trono.jpg;;preta;Caveira trono.jpg;Caveira trono.jpg
CMCHP00001;Camisa  Chaveirosbeatles Yellow;;;;;
G_CM_CHUCKY;Camisa com manga Chucky;;;;;
CMCMG00164;Camisa com manga Cm G;;;;;
CMCMM00246;Camisa com manga Cm M;;;;;
CMCMP00147;Camisa com manga Cm P;;;;;
CMCMM00385;Camisa com manga Cm Smiths Capacete;;;;;
CMBLG00071;Camisa Baby Look Coringa;;;;;
G_CM_CORINGA_CABELO_VERDE;Camisa com manga Coringa Cabelo Verde;Coringa cabelo verde.jpg;;preta;Coringa cabelo verde.jpg;Coringa cabelo verde.jpg
G_CM_CORINGA_CARTA;Camisa com manga Coringa Carta;CORINGA CARTA.jpg;;preta;CORINGA CARTA.jpg;CORINGA CARTA.jpg
G_CM_CURE_BOYS;Camisa com manga Cure Boys;cure.png;;branca;cure.png;cure.png
CMBLG00033;Camisa Baby Look Dark Side Vader;;;;;
G_CM_DARK_SIDE_VADER;Camisa com manga Dark Side Vader;;;;;
G_CM_DARK_THRONE;Camisa com manga Dark Throne;Dark Throne.jpg;;preta;Dark Throne.jpg;Dark Throne.jpg
G_CM_DARTH_VADER_BRANCA;Camisa com manga Darth Vader Branca;Darth vader.jpg;;branca;Darth vader.jpg;Darth vader.jpg
CMCMG00151;Camisa com manga Darth Vader Branco;;;;;
CMBLG00081;Camisa Baby Look David Caveira;;;;;
G_CM_DAVID_CAVEIRA;Camisa com manga David Caveira;;;;;
G_CM_DEATH_LOGO;Camisa com manga Death Logo;Death.jpg;;preta;Death.jpg;Death.jpg
G_CM_DEATH_NOTE_BRANCA_VIRUS;Camisa com manga Death Note Branca Virus;death note branca.png;;branca;death note branca.png;death note branca.png
G_CM_DEATH_NOTE_PRETA_HCD;Camisa com manga Death Note Preta Hcd;deathnote.png;deathnote costas.png::Costas;preta;deathnote.png;deathnote.png
CMCMP00293;Camisa com manga Death Note Preta Hcdc;;;;;
G_CM_DEEP_PURPLE_IN_ROCK;Camisa com manga Deep Purple In Rock;;;;;
G_CM_DEF_LEPPARD_PYROMANIA;Camisa com manga Def Leppard Pyromania;def leppard.jpg;def leppard costas.jpg::Costas;preta;def leppard.jpg;def leppard.jpg
CMCMGG00171;Camisa com manga Def Lepppard Pyromania;;;;;
G_CM_DEICEIDE_TO_HELL;Camisa com manga Deiceide To Hell;;;;;
G_CM_DESTRUCTION;Camisa com manga Destruction;destruction.jpg;Destruction costas.jpg::Costas;preta;destruction.jpg;destruction.jpg
CMCMG00080;Camisa com manga Dimmu Borgir;;;;;
G_CM_DIMMU_BORGIR_PENTAGRAMA;Camisa com manga Dimmu Borgir Pentagrama;Dimmu borgir.jpg;;preta;Dimmu borgir.jpg;Dimmu borgir.jpg
G_CM_DIO_HOLY_DIVER;Camisa com manga Dio Holy Diver;;;;;
G_CM_DISTURBED;Camisa com manga Disturbed;disturbed.jpg;disturbed costas.jpg::Costas;preta;disturbed.jpg;disturbed.jpg
G_CM_DOORS_AZUL;Camisa com manga Doors Azul;;;;;
CMCMG00175;Camisa com manga Doors Branca Morrison;;;;;
CMCMM00191;Camisa com manga Doors Morrison Branca;;;;;
CMCMGG00127;Camisa com manga Dorrs Morrison Branca;;;;;
G_CM_DREAM_THEATER_AWAKEN;Camisa com manga Dream Theater Awaken;Dream theater awaken.jpg;Dream theater awaken costas.jpg::Costas;preta;Dream theater awaken.jpg;Dream theater awaken.jpg
G_CM_DREAM_THEATER_BLACK_CLOUDS;Camisa com manga Dream Theater Black Clouds;;;;;
G_CM_DREAM_THEATER_METROPOLIS;Camisa com manga Dream Theater Metropolis;Dream theater.jpg;;preta;Dream theater.jpg;Dream theater.jpg
G_CM_DRI_AZUL;Camisa com manga Dri Azul;dri cross.jpg;dri cross costas.jpg::Costas;preta;dri cross.jpg;dri cross.jpg
G_CM_DRI_BRANCA;Camisa com manga Dri Branca;;;;;
CMCMP00187;Camisa com manga Eddie Comendo;;;;;
CMCMM00119;Camisa com manga Engeneiros Azul;;;;;
G_CM_ENGENHEIROS_AZUL;Camisa com manga Engenheiros Azul;Engenheiros azul.jpg;;azul;Engenheiros azul.jpg;Engenheiros azul.jpg
CMBLG00061;Camisa Baby Look Evanescence Banda Antiga;;;;;
CMBLG00066;Camisa Baby Look Evanescence Banda Nova;;;;;
G_CM_EVANESCENCE_BANDA_NOVA_MASTER;Camisa com manga Evanescence Banda Nova Master;;;;;
G_CM_EVANESCENCE_BANDA_VELHA_AZUL;Camisa com manga Evanescence Banda Velha Azul;Evanescence banda.jpg;Evanescence banda trás.jpg::Costas;preta;Evanescence banda.jpg;Evanescence banda.jpg
G_CM_EVANESCENCE_OLHOS_AZUIS;Camisa com manga Evanescence Olhos Azuis;Evanescence.jpg;Evanescence costas.jpg::Costas;preta;Evanescence.jpg;Evanescence.jpg
G_CM_EXODUS_BLACK_ANGEL;Camisa com manga Exodus Black Angel;exodus nova.jpg;exodus nova costas.jpg::Costas;preta;exodus nova.jpg;exodus nova.jpg
G_CM_FENDER;Camisa com manga Fender;;;;;
G_CM_FOO_FIGHTERS;Camisa com manga Foo Fighters;Foo Fighters.jpg;;preta;Foo Fighters.jpg;Foo Fighters.jpg
CMCMG00055;Camisa com manga G Pink Floyd The Wall Branca;The Wall.jpg;The wall costas.jpg;branca;The Wall.jpg;The Wall.jpg
G_CM_GAMES_DRAGAO;Camisa com manga Games Dragao;Targaryen.jpg;;preta;Targaryen.jpg;Targaryen.jpg
G_CM_GAMES_LOBO;Camisa com manga Games Lobo;Satark.jpg;;preta;Satark.jpg;Satark.jpg
G_CM_GHOST;Camisa com manga Ghost;;;;;
G_CM_GHOST_MULHER;Camisa com manga Ghost Mulher;;;;;
G_CM_GIBSON;Camisa com manga Gibson;;;;;
G_CM_GOD_OF_WAR_HCD;Camisa com manga God Of War Hcd;;;;;
G_CM_GOD_OF_WAR_JOAO;Camisa com manga God Of War Joao;;;;;
G_CM_GOD_OF_WAR_NOVA;Camisa com manga God Of War Nova;;;;;
CMBLG00037;Camisa Baby Look Green Day American Idiot;;;;;
G_CM_GREEN_DAY_AMERICAN_IDIOT;Camisa com manga Green Day American Idiot;Green Day.jpg;green day costas.jpg::Costas;preta;Green Day.jpg;Green Day.jpg
G_CM_GUITARRA;Camisa com manga Guitarra;Guitarra.jpg;;preta;Guitarra.jpg;Guitarra.jpg
G_CM_GUITARRA_MACHADO;Camisa com manga Guitarra Machado;;;;;
G_CM_GUNS_APPETITE;Camisa com manga Guns Appetite;;;;;
CMBLG00060;Camisa Baby Look Guns Axl Cantando;;;;;
G_CM_GUNS_AXL_CANTANDO;Camisa com manga Guns Axl Cantando;Guns N Roses Axl.jpg;Guns N Roses Axl trás.jpg::Costas;preta;Guns N Roses Axl.jpg;Guns N Roses Axl.jpg
G_CM_GUNS_BANDA_PROFANUS;Camisa com manga Guns Banda Profanus;;;;;
CMBLG00030;Camisa Baby Look Guns Cartola Equinox;;;;;
CMCMP00245;Camisa com manga Guns Caveira  Cartola Master;;;;;
G_CM_GUNS_CAVEIRA_CARTOLA_EQUINOX;Camisa com manga Guns Caveira Cartola Equinox;;;;;
G_CM_GUNS_CAVEIRA_CARTOLA_MASTER;Camisa com manga Guns Caveira Cartola Master;;;;;
CMBLG00075;Camisa Baby Look Guns Caveira Master;;;;;
G_CM_GUNS_DOURADA;Camisa com manga Guns Dourada;;;;;
G_BL_GUNS_LOGO_GRANDE;Camisa Baby Look Guns Logo Grande;;;;;
CMCMP00238;Camisa com manga Guns Logo Grande Joa;;;;;
G_CM_GUNS_LOGO_GRANDE_JOAO;Camisa com manga Guns Logo Grande Joao;;;;;
CMBLG00073;Camisa Baby Look Guns Logo Grande Master;;;;;
G_CM_GUNS_LOGO_GRANDE_MASTER;Camisa com manga Guns Logo Grande Master;;;;;
G_CM_GUNS_NOME_GRANDE;Camisa com manga Guns Nome Grande;;;;;
G_CM_GUNS_PRATA;Camisa com manga Guns Prata;;;;;
G_CM_GUNS_SLASH_CINZA;Camisa com manga Guns Slash Cinza;;;;;
G_CM_HARLEY_AGUIA;Camisa com manga Harley Aguia;Harley aguia.jpg;;preta;Harley aguia.jpg;Harley aguia.jpg
G_CM_HARLEY_CINZA;Camisa com manga Harley Cinza;;;;;
CMCMP00118;Camisa com manga Harley Davidson Tradicional;;;;;
G_CM_HARLEY_MOTO_CINZA;Camisa com manga Harley Moto Cinza;HARLEY MOTO CINZA.jpg;;preta;HARLEY MOTO CINZA.jpg;HARLEY MOTO CINZA.jpg
G_CM_HARLEY_MOTO_COLOR;Camisa com manga Harley Moto Color;HARLEY MOTO COLOR.jpg;;preta;HARLEY MOTO COLOR.jpg;HARLEY MOTO COLOR.jpg
G_CM_HARLEY_TRADICIONAL;Camisa com manga Harley Tradicional;;;;;
G_CM_HEINEKEN_HENDRIX;Camisa com manga Heineken Hendrix;Hendrix Heineken.jpg;;verde;Hendrix Heineken.jpg;Hendrix Heineken.jpg
G_CM_HEINEKEN_VERDE;Camisa com manga Heineken Verde;;;;;
G_CM_HELLOWEEN_HELL;Camisa com manga Helloween Hell;;;;;
G_CM_HELLOWEEN_KEEPER_PART_1;Camisa com manga Helloween Keeper Part 1;helloween.png;helloween costas.png::Costas;preta;helloween.png;helloween.png
G_CM_HELLRAISER;Camisa com manga Hellraiser;;;;;
G_CM_HENDRIX_CIGARRO;Camisa com manga Hendrix Cigarro;;;;;
G_CM_HENDRIX_EXPERIENCE;Camisa com manga Hendrix Experience;hendrix.png;;amarela;hendrix.png;hendrix.png
CMCMM00045;Camisa com manga Hendrix Rosto;;;;;
G_CM_IBANEZ;Camisa com manga Ibanez;;;;;
G_CM_INDIO_COCAR;Camisa com manga Indio Cocar;Indio e Lobo.jpg;;preta;Indio e Lobo.jpg;Indio e Lobo.jpg
G_CM_IRON_ALBUM;Camisa com manga Iron Album;;;;;
CMCMP00242;Camisa com manga Iron Album Master;;;;;
CMCMP00108;Camisa com manga Iron Cara Amarela;;;;;
G_CM_IRON_EDDIE_COMENDO;Camisa com manga Iron Eddie Comendo;;;;;
CMBLG00010;Camisa Baby Look Iron Fear;;;;;
G_CM_IRON_FEAR;Camisa com manga Iron Fear;iron fear.jpg;iron fear atras.jpg::Costas;preta;iron fear.jpg;iron fear.jpg
G_CM_IRON_FRONTIER;Camisa com manga Iron Frontier;iron final.jpg;iron final costas.jpg::Costas;preta;iron final.jpg;iron final.jpg
G_CM_IRON_FUZIL;Camisa com manga Iron Fuzil;;;;;
G_CM_IRON_KILLERS_EQUINOX;Camisa com manga Iron Killers Equinox;;;;;
G_CM_IRON_KILLERS_MASTER;Camisa com manga Iron Killers Master;;;;;
CMBLG00002;Camisa Baby Look Iron Killers Virus;;;;;
G_CM_IRON_LIVE_AFTER;Camisa com manga Iron Live After;;;;;
CMBLG00001;Camisa Baby Look Iron Number;;;;;
G_CM_IRON_NUMBER;Camisa com manga Iron Number;iron number.jpg;Iron number costas.jpg::Costas;preta;iron number.jpg;iron number.jpg
CMCMP00315;Camisa com manga Iron Power;;;;;
G_CM_IRON_POWERSLAVE;Camisa com manga Iron Powerslave;Iron Maiden frente.jpg;Iron Maiden Trás.jpg::Costas;preta;Iron Maiden frente.jpg;Iron Maiden frente.jpg
CMCMP00237;Camisa com manga Iron Trooper  A Pe;;;;;
G_CM_IRON_TROOPER_A_PE;Camisa com manga Iron Trooper A Pe;;;;;
CMBLG00065;Camisa Baby Look Iron Trooper Cavalo;;;;;
G_CM_IRON_TROOPER_CAVALO;Camisa com manga Iron Trooper Cavalo;iron cavalo.jpg;;preta;iron cavalo.jpg;iron cavalo.jpg
G_BL_JACK_DANIELS;Camisa Baby Look Jack Daniels;;;;;
G_CM_JACK_DANIELS;Camisa com manga Jack Daniels;;;;;
G_CM_JANIS_ESCRITO_LADO;Camisa com manga Janis Escrito Lado;;;;;
G_CM_JASON_FACAO;Camisa com manga Jason Facao;;;;;
G_CM_JASON_MASCARA;Camisa com manga Jason Mascara;Jason motoserra.jpg;;preta;Jason motoserra.jpg;Jason motoserra.jpg
G_CM_JETHRO_TULL_AQUALUNG;Camisa com manga Jethro Tull Aqualung;;;;;
G_CM_JETHRO_TULL_PAST;Camisa com manga Jethro Tull Past;Jethro Tull.jpg;Jethro Tull costas.jpg::Costas;preta;Jethro Tull.jpg;Jethro Tull.jpg
G_CM_JHONNY_CASH_HCD;Camisa com manga Jhonny Cash Hcd;jhonny.png;;preta;jhonny.png;jhonny.png
G_CM_JIM_CAVEIRA_BRACOS;Camisa com manga Jim Caveira Bracos;Morrison braços.jpg;;branca;Morrison braços.jpg;Morrison braços.jpg
G_CM_JIMI_BLACK;Camisa com manga Jimi Black;Hendrix black.jpg;;branca;Hendrix black.jpg;Hendrix black.jpg
G_CM_JIMI_CHAPEU;Camisa com manga Jimi Chapeu;Hendrix chapeu.jpg;;branca;Hendrix chapeu.jpg;Hendrix chapeu.jpg
G_CM_JOAO_NOGUEIRA;Camisa com manga Joao Nogueira;;;;;
CMCMP00296;Camisa com manga Johnny Cash Hcd;;;;;
CMBLG00039;Camisa Baby Look Joy Division;;;;;
G_CM_JOY_DIVISION;Camisa com manga Joy Division;joy division.jpg;;preta;joy division.jpg;joy division.jpg
CMCMM00384;Camisa com manga Joy Division Cantado;;;;;
G_CM_JOY_DIVISION_CANTANDO;Camisa com manga Joy Division Cantando;;;;;
G_CM_JUDAS_PAINKILLER;Camisa com manga Judas Painkiller;JUDAS PAINKILLER.jpg;JUDAS PAINKILLER COSTAS.jpg::Costas;preta;JUDAS PAINKILLER.jpg;JUDAS PAINKILLER.jpg
G_CM_JUDAS_PRIEST_STEEL;Camisa com manga Judas Priest Steel;judas priest.jpg;;preta;judas priest.jpg;judas priest.jpg
CMBLG00059;Camisa Baby Look Judas Steel;;;;;
G_CM_JUSTICEIRO_CAVEIRA_BRANCA;Camisa com manga Justiceiro Caveira Branca;;;;;
G_CM_JUSTICEIRO_CINZA;Camisa com manga Justiceiro Cinza;;;;;
CMCMM00138;Camisa com manga Killers Equinox;;;;;
CMCMP00280;Camisa com manga Killers Master;;;;;
G_CM_KISS_DESTROYER;Camisa com manga Kiss Destroyer;;;;;
G_CM_KISS_DYNASTY;Camisa com manga Kiss Dynasty;;;;;
CMBLG00049;Camisa Baby Look Kiss Rock And Roll;;;;;
G_CM_KISS_ROCK_AND_ROLL;Camisa com manga Kiss Rock And Roll;;;;;
G_CM_KORN_ESCRITO;Camisa com manga Korn Escrito;;;;;
G_CM_KORN_UNTOUCHBLES;Camisa com manga Korn Untouchbles;;;;;
G_CM_KREATOR_PHANTOM;Camisa com manga Kreator Phantom;;;;;
G_CM_KREATOR_PLEASURE;Camisa com manga Kreator Pleasure;Kreator - Pleasure to Kill.jpg;Kreator - costas - Plesure to Kill.jpg::Costas;preta;Kreator - Pleasure to Kill.jpg;Kreator - Pleasure to Kill.jpg
G_BL_LARANJA_MECANICA;Camisa Baby Look Laranja Mecanica;;;;;
G_CM_LARANJA_MECANICA;Camisa com manga Laranja Mecanica;;;;;
G_CM_LEAGUE_OF_LEGENDS;Camisa com manga League Of Legends;leagle.png;;preta;leagle.png;leagle.png
CMBLG00048;Camisa Baby Look Led Anjo Color;baby/led zeppelin anjo colorido.jpg;;;baby/led zeppelin anjo colorido.jpg;baby/led zeppelin anjo colorido.jpg
CMCMG00176;Camisa com manga Led Anjo Colorida;;;;;
G_CM_LED_ANJO_COLORIDO;Camisa com manga Led Anjo Colorido;;;;;
CMBLG00027;Camisa Baby Look Led Anjo Dourado;baby/led zeppelin anjo dourado.jpg;;;baby/led zeppelin anjo dourado.jpg;baby/led zeppelin anjo dourado.jpg
G_CM_LED_ANJO_DOURADO;Camisa com manga Led Anjo Dourado;Led zeppelin anjo.jpg;Led anjo costas.jpg::Costas;preta;Led zeppelin anjo.jpg;Led zeppelin anjo.jpg
G_CM_LED_BANDA_AMARELA;Camisa com manga Led Banda Amarela;led banda.jpg;led banda costas.jpg::Costas;preta;led banda.jpg;led banda.jpg
CMBLG00025;Camisa Baby Look Led Eremita;led zeppelin eremita.jpg;;;led zeppelin eremita.jpg;led zeppelin eremita.jpg
CMBLG00026;Camisa Baby Look Led Mothership Branca;;;;;
G_CM_LED_ZEPPELIN_EREMITA;Camisa com manga Led Zeppelin Eremita;Led Zeppelin eremita.jpg;Led Zeppelin eremita costas.jpg::Costas;preta;Led Zeppelin eremita.jpg;Led Zeppelin eremita.jpg
G_CM_LED_ZEPPELIN_MOTHERSHIP;Camisa com manga Led Zeppelin Mothership;Led Zeppelin mothership.jpg;Led Zeppelin mothership costas.jpg::Costas;preta;Led Zeppelin mothership.jpg;Led Zeppelin mothership.jpg
CMCMG00083;Camisa com manga Led Zeppeling Eremita;;;;;
G_CM_LEGIAO_4_ESTACOES;Camisa com manga Legiao 4 Estacoes;Legiao 4 estacoes.jpg;Legiao 4 estacoes costas.jpg::Costas;preta;Legiao 4 estacoes.jpg;Legiao 4 estacoes.jpg
G_CM_LEGIAO_BANDA_AZUL_MASTER;Camisa com manga Legiao Banda Azul Master;Legiao banda.jpg;Legiao Banda tras.jpg::Costas;preta;Legiao banda.jpg;Legiao banda.jpg
CMCMGG00051;Camisa com manga Legiao Bonequinhos;;;;;
G_CM_LEGIAO_DOURADA;Camisa com manga Legiao Dourada;;;;;
G_CM_LEGIAO_FAROESTE;Camisa com manga Legiao Faroeste;Legiao Faroeste.jpg;;preta;Legiao Faroeste.jpg;Legiao Faroeste.jpg
CMBLG00029;Camisa Baby Look Legiao Logo Dourada;baby/legiao.jpg;;;baby/legiao.jpg;baby/legiao.jpg
G_CM_LEGIAO_VERDE;Camisa com manga Legiao Verde;Legiao verde.jpg;Legiao verde costas.jpg::Costas;verde;Legiao verde.jpg;Legiao verde.jpg
CMBLG00041;Camisa Baby Look Linkin Meteora;;;;;
G_CM_LINKIN_PARK_METEORA;Camisa com manga Linkin Park Meteora;Link Park Meteora.jpg;Link Park Meteora costas.jpg::Costas;preta;Link Park Meteora.jpg;Link Park Meteora.jpg
CMCMP00141;Camisa com manga Linkin Park Road Escrito Branco;;;;;
G_CM_LINKIN_PARK_SOLDADO_HYBRID;Camisa com manga Linkin Park Soldado Hybrid;Link Park soldado.jpg;;preta;Link Park soldado.jpg;Link Park soldado.jpg
CMBLG00031;Camisa Baby Look Linkin Road Escrito Branco;;;;;
G_CM_LINKIN_ROAD_ESCRITO_BRANCO;Camisa com manga Linkin Road Escrito Branco;;;;;
G_CM_LYNYRD_CAVEIRA;Camisa com manga Lynyrd Caveira;Lynyrd Skynyrd caveira.jpg;Lynyrd Skynyrd caveira costas.jpg::Costas;preta;Lynyrd Skynyrd caveira.jpg;Lynyrd Skynyrd caveira.jpg
CMCMP00133;Camisa com manga Lynyrd Escrito;;;;;
CMCMG00266;Camisa com manga Marilyn Manson;;;;;
CMCMM00265;Camisa com manga Marilyn Manson Master;;;;;
G_CM_MARIO_LUIGI;Camisa com manga Mario Luigi;mario luigi.png;;branca;mario luigi.png;mario luigi.png
G_CM_MARSHALL;Camisa com manga Marshall;;;;;
G_CM_MAYHEM;Camisa com manga Mayhem;;;;;
G_CM_MAYHEM_AZUL;Camisa com manga Mayhem Azul;;;;;
CMCMP00062;Camisa com manga Mayhen Azul;;;;;
CMBLG00054;Camisa Baby Look Megadeth Bomba;;;;;
G_CM_MEGADETH_BOMBA;Camisa com manga Megadeth Bomba;;;;;
G_CM_MEGADETH_CAVEIRA;Camisa com manga Megadeth Caveira;;;;;
CMCMG00367;Camisa com manga Megadeth Caveira Marster;;;;;
G_CM_MEGADETH_CAVEIRA_MASTER;Camisa com manga Megadeth Caveira Master;;;;;
G_CM_MEGADETH_CAVEIRA_PROFANUS;Camisa com manga Megadeth Caveira Profanus;;;;;
CMBLG00072;Camisa Baby Look Megadeth Rust;;;;;
G_CM_MEGADETH_RUST;Camisa com manga Megadeth Rust;;;;;
G_CM_MERCYFUL_FATE;Camisa com manga Mercyful Fate;;;;;
G_CM_METALLICA_COBRA;Camisa com manga Metallica Cobra;MEtallica cobra.jpg;MEtallica cobra costas.jpg::Costas;preta;MEtallica cobra.jpg;MEtallica cobra.jpg
G_CM_METALLICA_DEATH_MAGNETIC_BRANCA;Camisa com manga Metallica Death Magnetic Branca;METALLICA DEATH BRANCA.jpg;;branca;METALLICA DEATH BRANCA.jpg;METALLICA DEATH BRANCA.jpg
G_CM_METALLICA_DEATH_MAGNETIC_PRETA;Camisa com manga Metallica Death Magnetic Preta;METALLICA DETH PRETA.jpg;;preta;METALLICA DETH PRETA.jpg;METALLICA DETH PRETA.jpg
G_CM_METALLICA_DEATH_MAGNETIC_VIRUS;Camisa com manga Metallica Death Magnetic Virus;;;;;
CMBLG00008;Camisa Baby Look Metallica Justice;;;;;
G_CM_METALLICA_JUSTICE;Camisa com manga Metallica Justice;METALLICA JUSTICE.jpg;;branca;METALLICA JUSTICE.jpg;METALLICA JUSTICE.jpg
G_CM_METALLICA_JUSTICE_PRETA;Camisa com manga Metallica Justice Preta;;;;;
CMBLG00051;Camisa Baby Look Metallica Kill;;;;;
G_CM_METALLICA_KILL;Camisa com manga Metallica Kill;metallica kill em all.jpg;metallica kill em all costas.jpg::Costas;preta;metallica kill em all.jpg;metallica kill em all.jpg
CMBLG00076;Camisa Baby Look Metallica Magnetic Branca;;;;;
CMBLG00058;Camisa Baby Look Metallica Master;metallica master.jpg;metallica master costas.jpg::Costas;preta;metallica master.jpg;metallica master.jpg
G_CM_METALLICA_MASTER;Camisa com manga Metallica Master;;;;;
G_CM_METALLICA_MASTER_ROCK;Camisa com manga Metallica Master Rock;;;;;
CMBLG00045;Camisa Baby Look Metallica Ride;baby/metallica ride.jpg;;;baby/metallica ride.jpg;baby/metallica ride.jpg
G_CM_METALLICA_RIDE;Camisa com manga Metallica Ride;metallica ride the.jpg;metallica ride the costas.jpg::Costas;preta;metallica ride the.jpg;metallica ride the.jpg
CMBLG00053;Camisa Baby Look Metallica St Anger;;;;;
G_CM_METALLICA_ST_ANGER_PUNHO;Camisa com manga Metallica St Anger Punho;Metallica pulso.jpg;;preta;Metallica pulso.jpg;Metallica pulso.jpg
G_CM_MEXICANA_TATTOO;Camisa com manga Mexicana Tattoo;;;;;
CMCMM00103;Camisa com manga Misfits Legacy;;;;;
G_CM_MISFITS_ROXA;Camisa com manga Misfits Roxa;misfits roxa.jpg;;preta;misfits roxa.jpg;misfits roxa.jpg
G_CM_MISFITS_VERDE;Camisa com manga Misfits Verde;Misfits verde.jpg;;preta;Misfits verde.jpg;Misfits verde.jpg
G_CM_MORBID_ANGEL_ALTARS;Camisa com manga Morbid Angel Altars;;;;;
G_CM_MORBID_ANGEL_LOGO;Camisa com manga Morbid Angel Logo;Morbid Angel Logo.jpg;;preta;Morbid Angel Logo.jpg;Morbid Angel Logo.jpg
G_CM_MOTO_INDIAN;Camisa com manga Moto Indian;indian.png;;preta;indian.png;indian.png
G_CM_MOTORHEAD_KISS_OF_DEATH;Camisa com manga Motorhead Kiss Of Death;;;;;
CMBLG00028;Camisa Baby Look Motorhead Tradicional;baby/MOTORHEAD.jpg;;;baby/MOTORHEAD.jpg;baby/MOTORHEAD.jpg
G_CM_MOTORHEAD_TRADICIONAL;Camisa com manga Motorhead Tradicional;;;;;
G_CM_NARUTO_BRANCA_VIRUS;Camisa com manga Naruto Branca Virus;naruto.png;;branca;naruto.png;naruto.png
G_CM_NIRVANA_BANDA_MASTER;Camisa com manga Nirvana Banda Master;;;;;
G_CM_NIRVANA_BATERIA;Camisa com manga Nirvana Bateria;Nirvana verde.jpg;Nirvana verde costas.jpg::Costas;preta;Nirvana verde.jpg;Nirvana verde.jpg
CMCMP00136;Camisa com manga Nirvana Bleach;;;;;
CMBLG00070;Camisa Baby Look Nirvana Nevermind;;;;;
G_CM_NIRVANA_NEVERMIND;Camisa com manga Nirvana Nevermind;nirvana nevermind.jpg;nirvana nevermind costas.jpg::Costas;preta;nirvana nevermind.jpg;nirvana nevermind.jpg
G_BL_NIRVANA_SMILE;Camisa Baby Look Nirvana Smile;;;;;
G_CM_NIRVANA_SMILE;Camisa com manga Nirvana Smile;;;;;
G_CM_NOEL;Camisa com manga Noel;;;;;
G_CM_OASIS;Camisa com manga Oasis;;;;;
G_CM_OBITUARY_ESTAMPA;Camisa com manga Obituary Estampa;;;;;
G_CM_OBITUARY_LOGO;Camisa com manga Obituary Logo;obituary logo.jpg;obituary costas.jpg::Costas;preta;obituary logo.jpg;obituary logo.jpg
CMCMG00075;Camisa com manga Offspring;;;;;
G_CM_OFFSPRING_P/B;Camisa com manga Offspring P/b;;;;;
CMCMGG00281;Camisa com manga One Peace Hcd;;;;;
G_CM_ONE_PEACE_PRETA_HCD;Camisa com manga One Peace Preta Hcd;;;;;
G_CM_ONE_PEACE_PRETA_VIRUS;Camisa com manga One Peace Preta Virus;;;;;
G_CM_OZZY_MORCEGO;Camisa com manga Ozzy Morcego;;;;;
G_CM_PANTERA_COWBOYS;Camisa com manga Pantera Cowboys;pantera cawboys.jpg;pantara costas.jpg::Costas;preta;pantera cawboys.jpg;pantera cawboys.jpg
CMBLG00040;Camisa Baby Look Pantera Dourada Official;;;;;
G_CM_PANTERA_OFFICIAL;Camisa com manga Pantera Official;Pantera dourada.jpg;Pantera dourada costas.jpg::Costas;preta;Pantera dourada.jpg;Pantera dourada.jpg
G_CM_PANTERA_SOCO;Camisa com manga Pantera Soco;Pantera soco.jpg;Pantera soco costas.jpg::Costas;preta;Pantera soco.jpg;Pantera soco.jpg
G_BL_PASSARO_VERMELHO;Camisa Baby Look Passaro Vermelho;;;;;
G_CM_PASSARO_VERMELHO;Camisa com manga Passaro Vermelho;;;;;
CMCMM00127;Camisa com manga Patera Official;;;;;
G_CM_PEARL;Camisa com manga Pearl;;;;;
CMBLG00032;Camisa Baby Look Pearl Jam Bonequinho;;;;;
G_CM_PEARL_JAM_BONEQUINHO;Camisa com manga Pearl Jam Bonequinho;;;;;
G_CM_PINK_FLOYD_DESENHO;Camisa com manga Pink Floyd Desenho;;;;;
G_CM_PINK_FLOYD_PRISMA;Camisa com manga Pink Floyd Prisma;;;;;
G_CM_PINK_FLOYD_PRISMA_BANDA;Camisa com manga Pink Floyd Prisma Banda;;;;;
G_CM_PINK_FLOYD_THE_WALL_BRANCA;Camisa com manga Pink Floyd The Wall Branca;;;;;
CMBLG00069;Camisa Baby Look Pink Floyd Wall Preta;;;;;
G_CM_PINK_FLOYD_WALL_PRETA;Camisa com manga Pink Floyd Wall Preta;pink floyd wall.jpg;pink floyd wall costas.jpg::Costas;preta;pink floyd wall.jpg;pink floyd wall.jpg
CMBLG00074;Camisa Baby Look Piratas Do Caribe;;;;;
G_CM_PIRATAS_DO_CARIBE;Camisa com manga Piratas Do Caribe;;;;;
G_CM_PIXINGUINHA;Camisa com manga Pixinguinha;PIXINGUINHA.jpg;;preta;PIXINGUINHA.jpg;PIXINGUINHA.jpg
G_CM_PODEROSO_CHEFAO;Camisa com manga Poderoso Chefao;;;;;
G_CM_QUEEN_DOURADA;Camisa com manga Queen Dourada;;;;;
CMBLG00024;Camisa Baby Look Queen Logo Dourada;;;;;
G_CM_RAGE_AGAINST_BRANCA;Camisa com manga Rage Against Branca;rage.jpg;;branca;rage.jpg;rage.jpg
G_CM_RAINBOW_LONG_LIVE;Camisa com manga Rainbow Long Live;RAINBOW LONGLIVE.jpg;;branca;RAINBOW LONGLIVE.jpg;RAINBOW LONGLIVE.jpg
G_CM_RAINBOW_RISING;Camisa com manga Rainbow Rising;rainbow.jpg;rainbow costas.jpg::Costas;preta;rainbow.jpg;rainbow.jpg
G_CM_RAMMSTEIN;Camisa com manga Rammstein;rammstein.jpg;rammstein costas.jpg::Costas;preta;rammstein.jpg;rammstein.jpg
CMBLG00003;Camisa Baby Look Ramones Banda Branca;;;;;
G_CM_RAMONES_BANDA_BRANCA;Camisa com manga Ramones Banda Branca;;;;;
G_CM_RAMONES_PROCURADOS;Camisa com manga Ramones Procurados;ramones procurados.jpg;Ramones procurados costas.jpg::Costas;preta;ramones procurados.jpg;ramones procurados.jpg
CMCMM00144;Camisa com manga Ramones Tradicional  Branca;;;;;
G_CM_RAMONES_TRADICIONAL_BRANCA;Camisa com manga Ramones Tradicional Branca;;;;;
G_BL_RAMONES_TRADICIONAL_PRETA;Camisa Baby Look Ramones Tradicional Preta;;;;;
G_CM_RAMONES_TRADICIONAL_PRETA;Camisa com manga Ramones Tradicional Preta;;;;;
G_CM_RAUL_CHAVE;Camisa com manga Raul Chave;Raul sociedade3.jpg;Raul sociedade costas.jpg::Costas;preta;Raul sociedade3.jpg;Raul sociedade3.jpg
CMCMM00048;Camisa com manga Raul Rosto;;;;;
CMBLG00006;Camisa Baby Look Red Hot Branca;;;;;
G_CM_RED_HOT_BRANCA;Camisa com manga Red Hot Branca;;;;;
G_BL_RED_HOT_PRETA;Camisa Baby Look Red Hot Preta;;;;;
G_CM_RED_HOT_PRETA;Camisa com manga Red Hot Preta;;;;;
G_CM_RUSH_CORUJA;Camisa com manga Rush Coruja;Rush coruja.jpg;Rush coruja costas.jpg::Costas;preta;Rush coruja.jpg;Rush coruja.jpg
G_CM_RUSH_ESTRELA;Camisa com manga Rush Estrela;Rush estrela.jpg;rush estrela costas.jpg::Costas;preta;Rush estrela.jpg;Rush estrela.jpg
G_CM_RUSH_MOVING_PICTURES;Camisa com manga Rush Moving Pictures;Rush moving Pictures.jpg;Rush moving Pictures costas.jpg::Costas;preta;Rush moving Pictures.jpg;Rush moving Pictures.jpg
G_CM_SARCOFAGO_ROTTING;Camisa com manga Sarcofago Rotting;sarcofago rott.jpg;sarcofago rott costas.jpg::Costas;preta;sarcofago rott.jpg;sarcofago rott.jpg
G_CM_SARCOFAGO_SCOURGE;Camisa com manga Sarcofago Scourge;sarcofago laws.jpg;sarcofago laws costas.jpg::Costas;preta;sarcofago laws.jpg;sarcofago laws.jpg
G_CM_SCORPIONS_IN_TRANCE;Camisa com manga Scorpions In Trance;;;;;
CMCMGG00162;Camisa com manga Scorpions In Trnace;;;;;
G_CM_SEPULTURA_REMAINS;Camisa com manga Sepultura Remains;;;;;
G_CM_SEPULTURA_ROOTS;Camisa com manga Sepultura Roots;;;;;
G_CM_SEPULTURA_S;Camisa com manga Sepultura S;;;;;
CMBLG00021;Camisa Baby Look Sex Pistols Amarela;baby/sex pistols.jpg;;;baby/sex pistols.jpg;baby/sex pistols.jpg
G_CM_SEX_PISTOLS_AMARELA;Camisa com manga Sex Pistols Amarela;;;;;
G_CM_SEX_PISTOLS_FANTA;Camisa com manga Sex Pistols Fanta;Sex pistols fanta.jpg;Sex pistols fanta costas.jpg::Costas;preta;Sex pistols fanta.jpg;Sex pistols fanta.jpg
G_CM_SLASH_CAVEIRA;Camisa com manga Slash Caveira;Slash caveirqa.jpg;;preta;Slash caveirqa.jpg;Slash caveirqa.jpg
G_CM_SLAYER_AGUIA;Camisa com manga Slayer Aguia;;;;;
G_CM_SLAYER_CAVEIRA_CAPACETE;Camisa com manga Slayer Caveira Capacete;slayer.jpg;slayer costas.jpg::Costas;preta;slayer.jpg;slayer.jpg
G_CM_SLAYER_FUZIL;Camisa com manga Slayer Fuzil;;;;;
G_CM_SLAYER_REIGN_IN_BLOOD;Camisa com manga Slayer Reign In Blood;;;;;
G_CM_SLAYER_SOUTH;Camisa com manga Slayer South;;;;;
CMBLG00064;Camisa Baby Look Slipknot Banda Nova Master;;;;;
G_CM_SLIPKNOT_BANDA_NOVA_MASTER;Camisa com manga Slipknot Banda Nova Master;;;;;
CMBLG00004;Camisa Baby Look Slipknot Banda Nova Virus;;;;;
G_CM_SLIPKNOT_BANDA_NOVA_VIRUS;Camisa com manga Slipknot Banda Nova Virus;slipknot banda nova.jpg;slipknot banda nova costas.jpg::Costas;preta;slipknot banda nova.jpg;slipknot banda nova.jpg
G_CM_SLIPKNOT_CIRCO;Camisa com manga Slipknot Circo;Slip circo.jpg;slip circo costas.jpg::Costas;preta;Slip circo.jpg;Slip circo.jpg
G_CM_SLIPKNOT_COD_BARRAS;Camisa com manga Slipknot Cod Barras;;;;;
G_CM_SLIPKNOT_QUADRADINHOS;Camisa com manga Slipknot Quadradinhos;slipknot banda quadrado.jpg;;preta;slipknot banda quadrado.jpg;slipknot banda quadrado.jpg
G_CM_SMITHS;Camisa com manga Smiths;;;;;
G_CM_SMITHS_CAPACETE;Camisa com manga Smiths Capacete;;;;;
CMCMG00138;Camisa com manga Sonic Youth;;;;;
G_CM_SONIC_YOUTH_AZUL;Camisa com manga Sonic Youth Azul;;;;;
G_CM_SONIC_YOUTH_BRANCA;Camisa com manga Sonic Youth Branca;sonic.png;;branca;sonic.png;sonic.png
G_CM_SOUNDGARDEN;Camisa com manga Soundgarden;soundgarden.png;;preta;soundgarden.png;soundgarden.png
G_CM_STAR_WARS_CAPACETE;Camisa com manga Star Wars Capacete;;;;;
G_CM_STONES_LINGUA_BRANCA;Camisa com manga Stones Lingua Branca;;;;;
G_BL_STONES_LINGUA_PRETA;Camisa Baby Look Stones Lingua Preta;;;;;
G_CM_STONES_LINGUA_PRETA;Camisa com manga Stones Lingua Preta;;;;;
CMCMGG00229;Camisa com manga Stones Preta Lingua;;;;;
G_CM_STROKES_BRANCA;Camisa com manga Strokes Branca;;;;;
CMBLG00036;Camisa Baby Look Strokes Preta;;;;;
G_CM_STROKES_PRETA;Camisa com manga Strokes Preta;;;;;
CMSUM00001;Camisa  Suspensorios Medios;;;;;
G_CM_SYSTEM_ALVO;Camisa com manga System Alvo;;;;;
G_CM_SYSTEM_BANDA_GRANDE_MASTER;Camisa com manga System Banda Grande Master;SOAD Banda.jpg;SOAD Banda trás.jpg::Costas;preta;SOAD Banda.jpg;SOAD Banda.jpg
CMBLG00009;Camisa Baby Look System Banda Nova Virus;;;;;
G_CM_SYSTEM_BANDA_NOVA_VIRUS;Camisa com manga System Banda Nova Virus;;;;;
CMBLG00062;Camisa Baby Look System Bonequinhos;;;;;
G_CM_SYSTEM_BONEQUINHOS;Camisa com manga System Bonequinhos;SOAD bonequinhos.jpg;SOAD bonequinhos trás.jpg::Costas;preta;SOAD bonequinhos.jpg;SOAD bonequinhos.jpg
G_CM_SYSTEM_HYPNOTIZE;Camisa com manga System Hypnotize;soad hypnotize.jpg;soad hypnotize costas.jpg::Costas;preta;soad hypnotize.jpg;soad hypnotize.jpg
G_CM_SYSTEM_MAO;Camisa com manga System Mao;;;;;
G_CM_SYSTEM_MEZMERIZE_ALBUM;Camisa com manga System Mezmerize Album;soad mezmerize.jpg;soad mezmerize tras.jpg::Costas;preta;soad mezmerize.jpg;soad mezmerize.jpg
CMBLG00067;Camisa Baby Look System Mezmerize Banda;;;;;
G_CM_SYSTEM_MEZMERIZE_BANDA;Camisa com manga System Mezmerize Banda;soad banda mezmerize.jpg;soad banda mezmerize costas.jpg::Costas;preta;soad banda mezmerize.jpg;soad banda mezmerize.jpg
G_CM_TESTAMENT_BRANCA;Camisa com manga Testament Branca;Testament.jpg;;branca;Testament.jpg;Testament.jpg
G_CM_TESTAMENT_DARK;Camisa com manga Testament Dark;;;;;
G_CM_THE_CURE_PRETA;Camisa com manga The Cure Preta;;;;;
G_CM_THE_STROKES;Camisa com manga The Strokes;;;;;
G_CM_THE_WHO;Camisa com manga The Who;;;;;
G_CM_TIM_MAIA;Camisa com manga Tim Maia;Tim Maia.jpg;;vermelha;Tim Maia.jpg;Tim Maia.jpg
G_CM_TIO_SAM;Camisa com manga Tio Sam;Tio Sam.jpg;;preta;Tio Sam.jpg;Tio Sam.jpg
G_CM_TOM_JOBIM;Camisa com manga Tom Jobim;;;;;
G_BL_TROOPER_A_PE_JOAO;Camisa Baby Look Trooper A Pe Joao;;;;;
G_CM_V_DE_VINGANCA_BRANCA;Camisa com manga V De Vinganca Branca;;;;;
G_CM_V_DE_VINGANCA_PRETA;Camisa com manga V De Vinganca Preta;V de vinganca.jpg;;preta;V de vinganca.jpg;V de vinganca.jpg
G_CM_VAN_HALEN_ANJO;Camisa com manga Van Halen Anjo;VAN HALEN ANJO.jpg;VAN HALEN ANJO COSTAS.jpg::Costas;preta;VAN HALEN ANJO.jpg;VAN HALEN ANJO.jpg
G_CM_VAN_HALEN_DOURADA;Camisa com manga Van Halen Dourada;Van halen dourada.jpg;;preta;Van halen dourada.jpg;Van halen dourada.jpg
CMBLG00038;Camisa Baby Look Van Halen Logo Dourado;baby/van halen.jpg;;;baby/van halen.jpg;baby/van halen.jpg
CMCMM00042;Camisa com manga Venon Pentagrama;;;;;
G_CM_VENON_POSSESSED;Camisa com manga Venon Possessed;;;;;
G_CM_VENON_PRATA;Camisa com manga Venon Prata;Venon prata.jpg;;preta;Venon prata.jpg;Venon prata.jpg
G_CM_VINICIUS;Camisa com manga Vinicius;;;;;
G_CM_WALKING_DEAD_MASTER;Camisa com manga Walking Dead Master;;;;;
G_CM_WALKING_DEAD_VIRUS;Camisa com manga Walking Dead Virus;;;;;
G_CM_WASP_I;Camisa com manga Wasp I;WASP I.jpg;WASP I COSTAS.jpg::Costas;preta;WASP I.jpg;WASP I.jpg
G_CM_WHITESNAKE;Camisa com manga Whitesnake;;;;;
CMCMM00234;Camisa com manga Whitesnake Love;whitsnake.jpg;whitsnake costas.jpg::Costas;preta;whitsnake.jpg;whitsnake.jpg
G_CM_YES_FLY_FROM;Camisa com manga Yes Fly From;;;;;
G_CM_YES_FRAGILE;Camisa com manga Yes Fragile;YES FRAGILE.jpg;YES FRAGILE COSTAS.jpg::Costas;preta;YES FRAGILE.jpg;YES FRAGILE.jpg
G_CM_YES_LOGO;Camisa com manga Yes Logo;;;;;
G_CM_ZILDJIAN;Camisa com manga Zildjian;;;;;
